key,moment,title,message,email,moreInfo,author
note-01,2010/01/01 00:00,Lorem ipsum dolor sit amet,Lorem ipsum dolor sit amet,pabloblanco@acme.com,https://www.google.es/,"auditor1 - Blanco, Pablo"
note-02,2017/12/23 12:30,Lorem ipsum dolor sit amet,Lorem ipsum dolor sit amet,jorgeruiz@acme.com,https://www.google.es/,"auditor2 - Ruiz, Jorge"
note-03,2011/06/11 20:50,Lorem ipsum dolor sit amet,Lorem ipsum dolor sit amet,pepegarcia@acme.com,https://www.google.es/,"assistant1 - Garcia, Pepe"
note-04,2022/07/17 22:50,Tips for Effective Studying,Breaking down the material into manageable chunks and practicing active recall,null,http://www.example.org,"assistant1 - Garcia, Pepe"
note-05,2022/07/29 08:13,Hi there!,I'm a new student,null,null,"student1 - One, Student"
note-06,2022/06/30 13:08,The Importance of Critical Thinking,You can become a more analytical thinker and improve your problem-solving abilities,jorgeruiz@acme.com,null,"auditor2 - Ruiz, Jorge"
note-07,2022/06/29 19:04,Benefits of Time Management,You can reduce stress and achieve a better work-life balance,pepegarcia@acme.com,http://www.example.org,"assistant1 - Garcia, Pepe"
note-08,2022/01/01 10:00,Base title,Base message,email@gmail.com,http://www.example.org,"administrator - 1, Administrator"
note-09,0001/12/31 23:00,Base title,Base message,email@gmail.com,http://www.example.org,"administrator - 1, Administrator"
note-10,2022/01/01 10:00,Título base,ññññ,email@gmail.com,http://www.example.org,"administrator - 1, Administrator"
note-11,2022/01/01 10:00,Λορεμ ιπσθμ δολορ σιτ αμετ,νοβισ παρτεμ,email@gmail.com,http://www.example.org,"administrator - 1, Administrator"
note-12,2022/07/01 10:00,室聞存給東期京検保大姫転,室聞存給東期京検保大姫転,email@gmail.com,http://www.example.org,"administrator - 1, Administrator"
note-13,2022/07/01 10:00,<script>alert("hi")</script>,<h1>Base message</h1>,email@gmail.com,http://www.example.org,"administrator - 1, Administrator"
note-14,2022/01/01 10:00,This text has exactly 75 characters!!!!!!!!!!!!!!!!!!!!!!!!!!!!!!!!!!!!!!!!,This text has exactly 100 characters!!!!!!!!!!!!!!!!!!!!!!!!!!!!!!!!!!!!!!!!!!!!!!!!!!!!!!!!!!!!!!!!,email@gmail.com,http://www.example.org,"administrator - 1, Administrator"
note-15,2022/01/01 10:00,Base title,Base message,_______@example.com,http://www.example.org,"administrator - 1, Administrator"
note-16,2022/01/01 10:00,Base title,Base message,email@[123.123.123.123],http://www.example.org,"administrator - 1, Administrator"
note-17,2022/07/01 10:00,Base title,Base message,firstname+lastname@example.com,http://www.example.org,"administrator - 1, Administrator"
note-18,2022/01/01 10:00,Base title,Base message,email@gmail.com,http://server.local/cccc?a=1&b=2,"administrator - 1, Administrator"
note-19,2022/07/01 10:00,Base title,Base message,email@gmail.com,http://a.b/c?d&e,"administrator - 1, Administrator"
note-20,2022/01/01 10:00,Base title,Base message,email@gmail.com,http://www.example.org,"administrator - 1, Administrator"
note-21,2022/01/01 10:00,Base title,Base message,null,null,"administrator - 1, Administrator"