key,moment,title,nick,message,email,moreInfo
peep-01,2016/01/03 20:10,Lorem ipsum dolor sit amet,Lorem ipsum,Lorem ipsum dolor sit amet,hola@gmail.com,https://www.google.es/
peep-02,2013/12/30 10:40,Lorem ipsum dolor sit amet,Lorem ipsum,Lorem ipsum dolor sit amet,hola@gmail.com,https://www.google.es/
peep-03,2016/07/06 22:20,Lorem ipsum dolor sit amet,Lorem ipsum,Lorem ipsum dolor sit amet,hola@gmail.com,https://www.google.es/
peep-04,2022/07/29 00:00,Base title,Base nick,Base message,example@gmail.com,http://www.example.org
peep-05,2022/07/29 23:59,Base title,Base nick,Base message,example@gmail.com,http://www.example.org
peep-06,0001/12/31 23:00,Base title,Base nick,Base message,example@gmail.com,http://www.example.org
peep-07,2022/07/29 00:00,Título base,ññññ,.;:,example@gmail.com,http://www.example.org
peep-08,2022/07/29 00:00,국민은 근로의,권리를 가진다,모든,example@gmail.com,http://www.example.org
peep-09,2022/07/29 00:00,"<script>alert(""hi"")</script>",<h1>Base nick</h1>,<h2>Base message</h2>,example@gmail.com,http://www.example.org
peep-10,2022/07/29 00:00,This text has exactly 75 characters!!!!!!!!!!!!!!!!!!!!!!!!!!!!!!!!!!!!!!!!,This text has exactly 75 characters!!!!!!!!!!!!!!!!!!!!!!!!!!!!!!!!!!!!!!!!,This text has exactly 100 characters!!!!!!!!!!!!!!!!!!!!!!!!!!!!!!!!!!!!!!!!!!!!!!!!!!!!!!!!!!!!!!!!,example@gmail.com,http://www.example.org
peep-11,2022/07/29 00:00,Base title,Base nick,Base message,null,null
peep-12,2022/07/29 00:00,Base title,Base nick,Base message,_______@example.com,http://www.example.org
peep-13,2022/07/29 00:00,Base title,Base nick,Base message,firstname+lastname@example.com,http://www.example.org
peep-14,2022/07/29 00:00,Base title,Base nick,Base message,example@gmail.com,http://server.local/cccc?a=1&b=2
peep-15,2022/07/29 00:00,Base title,Base nick,Base message,example@gmail.com,http://a.b/c?d&e
